{"cameraMode":{"drawMode":0,"name":"Shaded","section":"Shading Mode"},"sceneLighting":false,"audioPlay":false,"sceneViewState":{"showFog":true,"showMaterialUpdate":true,"showSkybox":false,"showFlares":true,"showImageEffects":true,"showParticleSystems":true},"in2DMode":false,"pivot":{"x":44.387176513671878,"y":23.971294403076173,"z":-150.1092987060547},"rotation":{"x":0.22108113765716554,"y":-0.14251169562339784,"z":0.03245338797569275,"w":0.9644378423690796},"size":139.7988739013672,"orthographic":false}