{"cameraMode":{"drawMode":0,"name":"Shaded","section":"Shading Mode"},"sceneLighting":false,"audioPlay":false,"sceneViewState":{"showFog":true,"showMaterialUpdate":true,"showSkybox":true,"showFlares":true,"showImageEffects":true,"showParticleSystems":true},"in2DMode":false,"pivot":{"x":10.642592430114746,"y":-4.408088207244873,"z":-33.063751220703128},"rotation":{"x":0.023582488298416139,"y":0.9686853289604187,"z":-0.2251887321472168,"w":0.10555025935173035},"size":17.954442977905275,"orthographic":false}